0.11609763168548126	 -0.49749529483904303
-0.15328702314444215	 -0.49749529483904292
0.3836493193561441	 -0.49749529483904287
0.064569699840885453	 -0.49749529483904281
0.30190549595370209	 -0.49749529483904276
0.35093129372733245	 -0.4974952948390427
0.47451419801195815	 -0.49749529483904265
-0.33455539114519739	 -0.49749529483904265
0.41776900827780783	 -0.49749529483904259
-0.025230512733212918	 -0.49749529483904259
0.38193971099422297	 -0.49749529483904259
-0.16117710418122688	 -0.49749529483904253
0.33743389269217561	 -0.49749529483904253
0.077218148660481933	 -0.49749529483904253
-0.33971218058826036	 -0.49749529483904253
-0.49871099879905162	 -0.49749529483904253
0.1468120336750578	 -0.49749529483904253
0.18611283958242875	 -0.49749529483904253
-0.21129134656455895	 -0.49749529483904253
0.029907116447532189	 -0.49749529483904253
-0.32122041788940336	 -0.49749529483904248
0.30139630883997137	 -0.49749529483904248
-0.0323868116980357	 -0.49749529483904248
0.33461923889565248	 -0.49749529483904248
-0.23815654811363507	 -0.49749529483904248
0.0068095030760436659	 -0.49749529483904248
0.027129607986253523	 -0.49749529483904248
0.2465616626416155	 -0.49749529483904248
-0.40044760513140243	 -0.49749529483904248
0.21289950828668636	 -0.49749529483904248
-0.092428903836956677	 -0.16808352082516376
0.21565002655407883	 -0.32294850746617798
-0.44038751532341702	 0.013748652034690223
-0.20877958494647386	 -0.35880546591425821
-0.21978027407069706	 -0.2911419984332323
0.36151798063028506	 -0.27139675892984721
-0.35784829121914147	 0.18498819479177553
-0.24526607652440019	 -0.31125186631822566
-0.47303741098057356	 -0.27535874124971804
-0.44007928340699493	 -0.4311051653654604
0.22950341120804818	 -0.44070225742407559
0.40890230001364947	 -0.29735085668125993
-0.10125638758822175	 0.12585468580296233
0.066937303434562501	 -0.1539064656508739
-0.013879551791529887	 -0.33264397531975154
0.059031431823517888	 -0.4499759402325117
0.068226304635510937	 -0.21254696170247211
-0.36706751858213338	 -0.12200851209741803
-0.25485572905971471	 -0.35645788818215818
0.35693495807095199	 -0.35734751297779144
0.16283959786539881	 -0.33974147138058952
-0.076076146949118073	 -0.050388751816985822
0.15833126644526196	 -0.20723536958136912
-0.36954721383263689	 0.0083137225276807003
-0.24145690851912688	 -0.30364624304000332
0.42017471879728829	 -0.33378489939161204
0.13726228924340678	 -0.07784763965625846
0.28567269993278788	 0.0055124676348353718
0.16673638097324239	 -0.25858978681409739
0.23681468411200435	 -0.054042056262401383
-0.0014277922461869985	 -0.10723116176006375
-0.42569252332937557	 -0.084122921648472682
-0.047535289333916875	 -0.33781069723922957
0.058184692430395923	 -0.3391380484336029
-0.13447210781018815	 -0.32108056149331066
0.23268443659538607	 -0.1956254813173296
-0.080297327404980245	 -0.30681835209063879
0.0076796009706704416	 -0.34795371159087846
0.48741836053664722	 -0.43285955986958535
-0.053334737919892516	 -0.42960510216382292
0.067600317563675461	 -0.22843093129208009
0.21692177127903411	 -0.01276397868949164
-0.14443243837190439	 -0.10443183825819019
0.46634392997545371	 -0.20317456163205494
-0.21614092575206462	 -0.038190813500262655
0.34168801030222695	 -0.20903060152685082
0.025375361333310309	 -0.030813479703179769
0.35208537888344626	 -0.26898431535669071
0.47462049172009368	 -0.25504500006512065
0.27051963227359566	 0.22038552492266417
0.20902033695439826	 0.16392130652161763
0.13746008958549238	 -0.0088692919421612948
-0.30555651514118376	 0.012224840484093669
-0.13264839706600101	 -0.27285167101392399
0.26791287575285549	 -0.3366385523089136
-0.047013423660310638	 0.09667225752007591
-0.21247367873437406	 -0.040002212582692986
-0.094824835469399016	 -0.14204828361875976
-0.26134072419318405	 -0.15130098413848891
0.45426270270452962	 -0.22500036859645889
-0.35801015135739472	 -0.030824903095549638
0.23723148356062895	 -0.30110508250130685
-0.47142982109050724	 -0.16857068226660188
0.094454559308688402	 -0.35285756356550479
-0.20458382447463641	 -0.2759452321734136
-0.10590192890069539	 -0.24548972508251238
-0.17286100456158676	 -0.27176825523433512
0.21511884858604469	 -0.2816500211673989
0.40177767206997506	 0.11969511291309698
-0.18544264449060088	 0.060989248525859852
-0.33821588979950912	 -0.1260303400132361
-0.030622010832010771	 -0.25154568016231338
-0.46852087367722806	 -0.26807142741702483
0.017351671828586435	 -0.37815524782126886
-0.06427808132221835	 -0.33731002097100904
-0.18466179942929267	 -0.15642295248753613
-0.14096031833484785	 -0.23290367230535747
0.46109728001109196	 -0.16013894123009548
-0.33257642054584641	 0.34321485723529233
-0.16633982661475422	 -0.047070376586630769
0.23161691181902633	 -0.13274893356487827
0.37644391640855179	 0.0018961329651892012
0.47112026297073828	 -0.1649280280713451
0.42606039667784257	 -0.094597589457448394
-0.25620448112311051	 0.20115453188594201
0.23903313825793249	 -0.12086842195038294
-0.12095302698246813	 -0.18114320426563946
0.031321840608176665	 -0.25126423073498605
-0.35579169767712787	 -0.30081896675848585
0.11770624882434788	 -0.31364530916198557
-0.014415457152955002	 -0.35662951790681002
-0.2138018490345226	 -0.17228890538715347
-0.14506226761502317	 -0.36023189039017689
0.014154721756537758	 -0.28414770107764281
0.38065271027416581	 -0.2979096450145825
0.15035390791034042	 -0.15711206675715883
0.40825279332150366	 -0.20108881239529752
-0.29220829428742096	 0.10928322272669355
-0.13452724396927618	 -0.10778951587535429
0.31003046492581743	 -0.25284155252963192
0.022349061221978217	 -0.30110688455847912
0.027256866231214705	 -0.23546228245920631
-0.22059154590619334	 -0.38085385263416482
0.053828188010411449	 -0.34269911761753041
-0.45539146194019886	 -0.25500087970911078
0.21513037277158831	 -0.39046047224471009
0.36916638858111872	 -0.2625784432966688
-0.096351780275046706	 0.22125253402690803
0.17622765278268027	 -0.16009021929731565
-0.46341003243038897	 -0.19683651770119032
0.23730839311019913	 -0.36115348502783118
-0.092155435863954693	 0.039502183390688672
0.41303388397816287	 0.0047903120393079091
0.20842865561527602	 0.33036008304184972
-0.16609503918611213	 -0.04193007172967711
-0.34317059714494769	 -0.13501751248746263
-0.052538206592452785	 -0.3117653766717749
0.21295193383141975	 -0.24712789866278012
0.18815124346322909	 -0.32338939985951648
0.091670096196080575	 -0.11117712374085703
-0.16934181780989366	 -0.13120241766042551
-0.3262642141553872	 -0.28183699120439787
0.37786824716155798	 -0.36634285571517333
0.18559591457508318	 -0.10717114737517558
0.18789050760115056	 0.10995895452261406
0.25852095743572379	 0.083380637181201145
-0.16405017751457646	 0.25664127049999685
0.096143300456992931	 -0.13010469517912826
0.46631266314830289	 -0.18210914843992154
0.20142257851614742	 0.21963150056479264
-0.093826234617189641	 0.079181174671883348
-0.011338276095380184	 -0.089603360432573997
-0.27132055525263798	 -0.21882976396393883
0.18558221947661702	 -0.28099499430900554
-0.45751008855063008	 -0.37975201179420015
-0.22671201719283685	 -0.42317878534476339
-0.099287408217455908	 -0.28665983753458635
0.41165630049614998	 -0.28461891272146445
0.17693620253211639	 0.055137990246725499
-0.42305975590043687	 -0.24307006663724245
0.44824626806576096	 -0.3463016926669078
-0.085755404357684473	 -0.14260573145122035
-0.01521519129873028	 -0.063698861543219631
0.36128015204392383	 -0.057126297424666572
-0.37732674920806974	 -0.099684509404183552
0.31868976951515759	 -0.31895669013534034
-0.48189044556668514	 -0.1494696803333122
0.070135044665138757	 -0.34432629418048866
0.031641702880916056	 -0.14010087813403943
0.20626079789654383	 -0.11362417591535739
-0.33819485960444196	 -0.16349063066225678
0.3622998850710224	 -0.3383400934830314
0.37999658374115663	 0.13612901458400906
-0.46032661290854526	 0.2221268284730411
0.047895799646105575	 -0.16895919369388523
0.067887090876645906	 -0.046696517391192349
0.29819434452717863	 -0.16492032822871538
0.38384562213152906	 -0.0035042321201584348
-0.33596960866636116	 0.34772119119281319
0.26450700720982023	 -0.052420817867443348
0.085268200182015197	 -0.077846565387318101
0.070204156716449306	 -0.10820356123189878
-0.24683126888556001	 -0.23765810115428038
0.31394764492937721	 -0.25908379298553347
-0.24421362427259496	 -0.37209668942860008
-0.20434135743619009	 -0.3924811792280325
-0.41276437272912092	 -0.36444845559159078
0.15649896750994907	 -0.38221496836934021
-0.29268505740570139	 -0.11614357786639351
0.26417183026865676	 -0.32912783710851956
0.23343921207517349	 0.11502064293370229
-0.34443878933994043	 -0.014114637872188973
-0.321583574554689	 -0.23792897315358191
-0.28177597968921808	 -0.27389613176799388
-0.48315863776167789	 -0.38498792863810605
-0.1989103237627588	 -0.44104252080528511
-0.46308621063972183	 -0.47015791426135062
-0.46504908332836303	 -0.47038431454419893
0.3712247209023799	 -0.47239709998343621
0.068555492241194282	 -0.025825592188791047
0.2412117145681808	 -0.24452485057772433
-0.46697013916772334	 0.080339288418646682
-0.069144623153444662	 -0.24649893854710259
0.12120829784367615	 -0.38678271770316675
-0.42729675161060726	 -0.20016510641119567
0.47875117649266086	 -0.35449137898150646
-0.31090461174533918	 0.14164624593547581
0.37089759291657132	 -0.13182513940514429
0.36259679815852863	 -0.25361904197654095
-0.14687422041170028	 0.085473657137299708
0.13540460012639155	 -0.13018082897782624
-0.05213500165945617	 -0.092228512919272476
0.42332993630474891	 -0.26503633952621175
0.3885733312408316	 0.15076424582492409
-0.23818735719574025	 -0.086484835280055572
-0.32088368843350734	 -0.28441118724661607
-0.31576802666101977	 -0.40472666865860285
-0.15095172945919993	 -0.37132505804738053
0.33561527954210313	 -0.39512744506190045
-0.10845308360105987	 0.019940319908540061
-0.38677989965620446	 -0.085508507486161345
0.069054491151615327	 -0.32931895975831982
0.047108127058999694	 -0.35890876251184506
-0.20836347421089352	 -0.35676484390601793
0.28727851146239713	 -0.44207721293252994
0.063949489297321804	 -0.29916011200439574
0.092726202026347737	 -0.40879819708817855
0.32419230082267536	 -0.4489340701196835
0.09890040596895866	 0.059337899845109954
-0.036049077071272362	 -0.030800141723729413
-0.1072522074017917	 -0.062448389884171895
-0.15988787992852177	 -0.32102202544219216
-0.0030192162389956478	 -0.32112023615057561
0.32360316944476364	 -0.19978186410859661
0.46132041791515443	 -0.3400715266394061
0.069684032150397091	 0.26742896234933755
0.3023543459374245	 -0.12090356971897553
-0.34958419429584603	 0.17045417760527615
-0.059418374933031537	 -0.1412949492498442
0.16495114363029184	 -0.24172822014581052
0.0035415857581149179	 -0.082301678866487593
-0.42401377527230127	 -0.16865163163207064
-0.38718385849482562	 -0.31879657683971763
-0.073128478402797348	 -0.35378664376311103
0.46455955596853027	 -0.35995531270024916
-0.12537121522490458	 -0.31725298410940883
0.1059878336293566	 -0.37958238063982974
-0.35120847115815079	 -0.29538004076117164
0.22367705531589555	 -0.32970551631738076
-0.058396887294201616	 -0.2228059082796377
0.040338445240789333	 -0.35982234423248349
0.33689715565969103	 -0.21724400312467862
-0.48934239660824763	 -0.052813535492643893
-0.41255342816587232	 -0.33196092735571725
-0.37146631901686378	 -0.3847665608580676
0.29793611485414961	 -0.40126071750630121
0.15139606113144943	 -0.10717433071744509
0.22125988300948396	 0.050676732003384739
0.12212841521116369	 0.036170565778130714
-0.24970353336525314	 -0.077109344093453769
-0.31478919452744963	 -0.26343877835395713
-0.4851237926562893	 -0.3617376880450518
0.090408586706225091	 -0.4405395921890134
0.18219158969921601	 -0.11111869634261856
0.33847937678847428	 0.13963367222143019
0.051729004155718239	 0.10616776599040623
-0.24812437861604819	 0.06510667051190322
0.14083372226023749	 -0.25204219244983517
0.20214481032553355	 -0.19288680893505911
0.19245724645092022	 -0.032516800320642969
-0.19421513410947061	 -0.059003587226507226
-0.29431360438201282	 -0.31293831536478878
0.268443471178619	 -0.4100288576414105
-0.081398992604296172	 -0.2182032679445004
0.13255791721518984	 -0.088620186803729739
0.23300302668148798	 -0.16248198470423297
0.29322979217079925	 -0.034354979197282975
-0.2614542496211148	 -0.22622319894936094
0.38179455598899836	 -0.26040225944149753
0.0169068470210334	 -0.11098895944263887
0.18014886308468359	 -0.13347667524767098
-0.077866999235873591	 0.076652310397818391
-0.1461959977849368	 -0.25879439207560911
0.19080646647643595	 -0.37714447784661415
0.0095795730639154364	 -0.38177943588164748
-0.017662316801800526	 -0.14527959734537182
-0.011257419135075719	 -0.11723126382411514
-0.33902436627029642	 -0.077094887738047513
-0.29640243379231657	 -0.25103514856729758
-0.38912900438957337	 -0.36003944426882772
-0.088727899169888325	 -0.42731985419306312
-0.1111916283197662	 -0.46494360979688687
-0.37425279704586267	 -0.31217442788869781
-0.49831931292932446	 -0.35999916190922687
-0.42900003908621148	 -0.44273320079269735
0.4642265802082729	 -0.44711311024048794
0.053409691692055006	 -0.29657394826433392
-0.17712441723659839	 -0.15934038551438617
0.10506030200284922	 -0.20563373449006317
-0.24444549844807267	 -0.078128850655217408
-0.48466717125133946	 -0.28838209789242109
0.41084516789337866	 -0.42085656726406823
-0.03875910283008549	 0.054745374719984752
0.28377630039294077	 -0.1532068253012458
-0.17055382471091757	 -0.00069198903993272776
-0.40620118608055689	 -0.13535806427959018
0.016779326608767464	 -0.30943015254072226
-0.37732403300577966	 -0.33720493480131891
-0.16765543523601045	 -0.35885171379958497
-0.10142611786789546	 -0.31913199381266183
0.13958281448091514	 -0.23133399028613227
-0.48750657261698815	 -0.20193407005981689
0.32070688336189224	 -0.39253165192412254
0.49338681669597828	 -0.036243672921397629
0.2032998943251092	 0.04251729647806668
-0.16971354403985361	 -0.050795834600745882
-0.024275500105822245	 -0.21645797918265108
-0.30795752527562786	 -0.33983540211697827
-0.0087379103101500877	 -0.41261791672184145
0.17932206610186119	 -0.42684865534748972
-0.19708652919953995	 -0.26319154103987524
0.40253419051996164	 -0.32709002362707296
-0.43186956268356624	 -0.35210872332926824
-0.071339326245402623	 -0.44605268286865618
0.40421487805629841	 -0.45634882586787445
-0.36086960130411649	 0.17112127760893658
-0.10711274650279096	 -0.19794858305804702
-0.042375430717307816	 -0.29321006349738676
-0.03799401854071488	 -0.21581764536001724
0.49794755596571949	 -0.30710507293022477
0.21317907083461951	 -0.41793904259043185
-0.022661189792054337	 0.01816141284682804
0.40879272339343686	 -0.14543147777778881
-0.32558003246112732	 0.16306156971440688
-0.23888488986477485	 -0.21350467204485485
-0.26176110178314205	 -0.37654668734598634
-0.23178121854168421	 -0.36183797944356877
0.2778944372096539	 -0.42442109946228246
-0.13908513432326036	 -0.27748478646118829
0.10056334622230534	 -0.3113808306696722
-0.32353168112390285	 -0.14315068360143646
-0.49950232030800651	 -0.36940071836415311
0.11305677407097847	 -0.45167162738016331
0.49717520223798939	 -0.024274782289908037
0.49388449638797183	 0.19517747499796068
-0.18364333206957362	 -0.0053589712473238738
-0.17253834226752557	 -0.2093258145463891
-0.030391004183511705	 -0.34748520036057706
0.0083991426547985748	 -0.27077051648606032
0.31872374788798563	 -0.1568566108514009
-0.3510689385473118	 -0.18721882293015191
0.31131261345525862	 -0.28297467168356794
0.22125793794228599	 -0.37710419159048247
-0.28293850076521676	 -0.22119572756386152
-0.260026712790144	 -0.24762994628499402
0.12547281553292311	 -0.37852004146905804
-0.14380810206933325	 -0.26957122983965559
0.13286054070706499	 -0.29238288171290194
-0.41690261565004594	 -0.20359494937597805
0.31819787938995192	 -0.32849284202608636
0.1308080962071233	 0.0016611876119815294
0.29627645518457357	 -0.086548716431014139
-0.20446331086776376	 0.1968527289298323
0.039600819600560166	 -0.19818617809428191
0.47069642272344625	 -0.28139910829317982
0.056651799733122732	 -0.24450990273545647
0.27783971781741812	 -0.29179208526640454
-0.26108479581823796	 0.032890578263646719
-0.16545376352288471	 -0.23116839485791474
-0.36124541697150347	 -0.24507824694105518
0.33947855040406738	 -0.38235283201985149
0.011014555353212385	 -0.45335316362762201
-0.36074773727951004	 -0.24553949145405507
-0.047464675990615379	 -0.29734456685915822
0.0081897575912017739	 -0.084918165766599385
-0.36686324089153821	 -0.22458388448426503
0.26889199193981106	 -0.36509743204540251
0.33565141532367626	 -0.17852971432764853
0.10274575492495008	 -0.062321313614922658
-0.22270886540539042	 0.033292470766342341
0.1543751627460006	 -0.26860717935519607
0.25167681684329957	 -0.014106188206109316
-0.41139625241579314	 0.091221016734116755
-0.12436689931171335	 -0.25584803293148944
0.46873831607808281	 -0.33651986339978412
-0.17142296520593714	 0.019005263269113226
-0.49889408424445153	 -0.20746724757918378
-0.17506978645691174	 -0.3828304383201413
0.46143757596678914	 -0.43204214082213088
-0.41579669942883624	 0.11818414211340866
-0.3568719075326211	 -0.21431444672294286
0.092245671708251153	 -0.30106556228015607
0.38047975575573734	 -0.28996852037222387
-0.061335218400384861	 -0.062673734360299993
-0.36815350915684997	 -0.012972898030587376
0.35117617847918359	 -0.25584376047318524
0.49531658133273782	 0.092306449718900008
0.40968620912622955	 -0.087677725687586971
-0.40990861780471571	 -0.10926038266752613
-0.17013718265580813	 -0.33558206630499354
-0.45155920831093527	 -0.22621483441295182
0.42956993259935172	 -0.37184065510643544
0.34087737316306554	 -0.35034263438897484
-0.31230694512478396	 -0.15386134734711548
-0.11789474339126366	 -0.28960233934919483
-0.15093286971139391	 -0.37751789807217628
-0.17917018601632217	 -0.24915160044912116
-0.34900275191711394	 -0.19895300148038109
-0.31528145485337888	 -0.31228726122814776
0.42357556890862791	 -0.38728698668201378
-0.071711617322504362	 -0.002263089189125933
0.33909370835828301	 -0.066381587617284465
0.17525238528626619	 -0.27702303838915571
0.016892130727363841	 -0.22444839364734315
-0.28527319141909163	 -0.019316071204533936
0.14399070089868771	 -0.26212341584085774
0.3454691655214267	 -0.40826128681584994
-0.28416727566354316	 -0.25792721122094209
0.46892091444177597	 -0.25195699831808238
0.30690674102255455	 -0.34327634601756452
-0.19996397509237934	 -0.35372964751690017
-0.38795099355650647	 -0.31132981583539326
-0.10084758726919424	 -0.35516826017746905
-0.31948421933664206	 -0.3140243000422388
0.050713788508769952	 -0.41347117767780772
0.030998903573955849	 -0.11610375650229054
-0.46830804132311982	 0.034021642060893087
0.04603036937584648	 -0.28832049605941823
-0.059314887765475943	 -0.38741144249938353
-0.37821665912783548	 -0.35040553719803558
0.37589318718569964	 -0.44237228272407259
-0.010874095610749979	 0.13212868454289206
-0.4486467269941451	 0.030475136583745344
0.21677055988310401	 -0.30210592745873488
0.176818959264466	 -0.22279376139747248
-0.066541470385408696	 -0.22267081725664084
-0.43416231029395125	 -0.29466004406321356
0.49764877324814383	 -0.41739965207020974
0.084455778163138651	 -0.33072454458205403
-0.24944376514733013	 -0.033662373221709674
0.42122434169111045	 -0.25031382002412322
-0.48725583962502694	 0.17003041710150946
-0.41035005725470841	 -0.25146517443716121
0.096476726977376637	 -0.3740651610664546
0.029636291102336898	 -0.35712870507680367
-0.19562324867380004	 -0.19231647103969246
-0.259532572589597	 -0.19715972596038733
-0.12489454337623646	 -0.35165886270556956
0.020209476128318138	 -0.17307675476746776
-0.29061165814782108	 -0.067319041581895389
-0.31798780281934319	 -0.29515318033100202
0.32024550103593874	 -0.40873666045354129
-0.1785626517043275	 -0.21967151465767937
0.081164609911462571	 -0.35304495011992687
-0.49923871876636461	 -0.20489758154247883
0.37215113680444245	 -0.38991350893635923
-0.38783648651458158	 -0.43766469291870669
-0.46754676008948437	 -0.43022853147440732
-0.081818493819711013	 -0.46302870924051076
0.052848625719942421	 -0.44701301990926567
-0.3457634192173199	 -0.1165926887656496
-0.20592530709967266	 -0.30701061164136167
-0.45802547035646879	 -0.42071370116292472
-0.29441014574580371	 -0.44905236421655442
-0.48915474768222994	 -0.37683622559260083
0.21879348890799721	 -0.45423210922729745
0.1390483838687876	 -0.44776511988101558
-0.42331705797618119	 -0.0031754134593731664
0.21644226169047986	 -0.30176196891569634
-0.27649583843373499	 -0.29836446892559976
-0.17276082312351132	 -0.27852657147542031
0.13766660338159031	 -0.42354688171810218
-0.2637516775931007	 -0.43141087496358604
-0.083110879912558444	 -0.37128456710500302
-0.26585667010669445	 -0.29293172904194054
0.2658846135092362	 -0.38078906495138537
0.22126587141364151	 -0.32361441274250513
-0.025389242696291392	 -0.24188556181442683
-0.3590099303326616	 -0.23440816308378598
-0.25852465292370164	 -0.39549370087939223
0.18399909915588752	 -0.43409992590561852
-0.1769977326863435	 -0.057889672824117
-0.4382791518877629	 -0.28738186763805795
-0.49456355254843998	 -0.40754408403718084
0.40416687722511913	 -0.47046178197681254
-0.43751787065412751	 0.10206777945861201
0.37758758425600247	 -0.31071033980391305
-0.4836696097551238	 -0.41892776068565141
-0.40506463027795059	 -0.46814206314869838
-0.20423091002936983	 -0.44891934349078222
0.069179016430479967	 -0.44820802554265726
-0.25082804949527049	 -0.35701254532837556
0.089843782870957511	 -0.44764001809121673
0.11115354607401118	 -0.39151008078719057
-0.045238195241074142	 -0.46070414002329324
0.10068903518872752	 -0.24119777012451554
-0.17005296501799161	 -0.13231880294411935
-0.40618981137228655	 -0.36620320332383238
0.17737197721254638	 -0.40750949051391372
-0.45361070379317303	 -0.35694038415037177
-0.18268564980602153	 -0.44422655450590764
-0.49538884591096494	 -0.32990375015748341
0.18405589958841717	 -0.4470290735571042
0.05356267260087777	 -0.26851615618223185
-0.078499725823523325	 -0.33213237562089715
0.41819922948172283	 -0.20622681559535561
-0.18055271388988603	 0.086627460524118516
-0.3572338548755431	 -0.20389574322158388
-0.10719001321456861	 -0.39162323780325092
-0.039562644222547627	 -0.3937909286281151
-0.11575850733358345	 -0.22938512510523384
-0.42319091452434238	 -0.32122787377356088
0.28343962309110893	 -0.4400998563587607
-0.054037659221346346	 -0.47677967839392854
-0.4177544670727823	 -0.18862609203888897
0.18760650031622805	 -0.39911896016584703
0.0084444701245262044	 -0.015647552306720713
0.45983311764888146	 -0.34595194038909938
0.2039368905611042	 -0.3830553661223679
0.10337983984657551	 -0.30627049340564072
-0.24439779284614965	 -0.1809366679533993
-0.22688409347407712	 -0.35055062175208618
0.3525517908169663	 -0.33046748230255363
0.34544599049046909	 -0.053834914277346047
0.38426945306559535	 -0.066133980799343794
-0.19268640488976913	 0.0433546619721763
-0.05386497478646457	 -0.23980245101702147
-0.28578351241805755	 -0.37994389602049072
-0.098876216262055672	 -0.349216292704075
-0.37649299757391819	 -0.43368643186769923
-0.23939421621123058	 -0.44656193947163059
0.21843813439758408	 -0.47933638199881479
-0.37188184348488312	 -0.12260446569421396
0.44466168384284788	 -0.31804510132562203
-0.22799919346719943	 -0.13843182818145872
0.049618430691593551	 -0.18819668895918429
0.36286091285890942	 -0.26057593387556682
0.091448092642914536	 -0.32607495306398993
0.1923845758160504	 -0.26640360370652344
-0.24432910082132048	 -0.18128735095313642
-0.44811455157963304	 -0.31707302551747474
-0.42337393198319428	 -0.43377655879714877
-0.16752001488000157	 -0.43095696234123154
0.33532507151147584	 -0.36382558818172461
0.022588408795459425	 -0.40086353159365856
-0.085274481952783865	 -0.19571472757339103
0.022931571362042602	 -0.23798801145629112
-0.46896712108001443	 -0.035008033305796216
-0.12544136476956369	 -0.32513021045339807
-0.2731315380768532	 -0.26944682630480637
0.13441271876656113	 -0.37648292102211367
0.13016084284994789	 -0.32673007631453882
-1.5631550930261806e-05	 -0.037021860039489096
-0.013035490882133849	 -0.02315508352433393
-0.024393167125244253	 -0.012212262760550152
-0.1157461789509962	 -0.22128503339684713
0.29427810469375837	 -0.27542787139551472
0.42174185808829123	 -0.29480948665096784
0.098470308630946191	 -0.15129417097274972
-0.30459811203395859	 -0.32323227370767915
-0.4547511399512883	 -0.39892534608383368
0.3590760928853769	 -0.43871009521642657
0.41384002236362549	 -0.39423484662540897
-0.32663298343617142	 0.18549209692673907
0.3037377762625636	 -0.22214571216360524
-0.31415917110357394	 -0.069675336989688363
0.22298544725542213	 -0.22646597398386653
0.16659868865581173	 -0.080954308140145037
0.27728892153934059	 -0.0021996585254611123
-0.084629976928527473	 -0.16855492479920475
0.42226958830015249	 -0.36163974436546897
0.3291743699597075	 -0.39494541341156186
-0.0080039089117217577	 -0.25315174194095952
-0.24525042704551037	 -0.099399998534581702
0.16449944147118345	 -0.24938080181229166
-0.48541550011626233	 -0.19747866704440842
0.16947509100170577	 -0.37902563933426747
-0.31256898763243524	 -0.43747049162457535
-0.45438262119627681	 -0.42261771396748476
-0.45596627376785792	 -0.46226070325161145
-0.085700525709288433	 -0.46354928551185992
0.18003009757028432	 -0.28921886135185937
0.17419456908208997	 -0.16781084801978768
0.41428384320544254	 -0.13414511846267929
-0.33300539331184953	 -0.043138595210044373
-0.35019859850881557	 -0.28940262535696271
-0.20146233621121495	 -0.33507725938059629
0.46127271138190884	 -0.23411184169424126
-0.42845674088618568	 0.026505606381537206
0.39700797288539258	 -0.30141578451085599
-0.34332540111771104	 -0.39728004039929898
-0.38320788037181269	 -0.3606976997180199
0.25608406530510819	 -0.36843230644570257
-0.42948537875408554	 -0.35285094951759544
-0.20984086380798411	 -0.40469179090419055
0.059821841102010498	 -0.42500118148991961
-0.24364454985765954	 -0.16935690860207714
-0.48685541655256198	 -0.25886329230655442
-0.27357947070783911	 -0.41026367144141279
-0.46635562878398018	 -0.39839769018499216
-0.071485393481089454	 -0.44228562555647039
-0.35130988287334791	 -0.21317939699197996
0.36281874164138861	 -0.35096943680901183
0.42051069760718884	 -0.28555138989933421
-0.096560309918858278	 0.02845018017253631
0.027318182646910771	 -0.32384448398380372
0.43509519749092651	 -0.17709280983543058
-0.42708521891715245	 -0.26234215412744299
0.21474919501447542	 -0.41797611626431219
0.4807125762946497	 -0.44762957700865474
-0.38305149268501043	 -0.176163894243619
-0.37095133069481301	 -0.33072497893787145
0.16074267386493402	 -0.37662813648292859
0.29114307639707959	 -0.0045346025572138293
-0.45666748795503165	 -0.23543816581792931
0.32773728055308449	 -0.40685924495060832
0.44094447788826396	 -0.28251299629037652
-0.1581298241662466	 0.25101735532617142
0.28900999146933204	 -0.22844098269218627
-0.48751226346358295	 0.12226295942218868
-0.26112185174651531	 -0.28628588051831466
0.445684590351621	 -0.40439273162282741
-0.37072014383539564	 0.070694723189039244
0.49496221355859293	 -0.29255946694537394
-0.48380078886812589	 -0.20903691381826228
-0.080561007177718469	 -0.38845306682192626
0.054784054194942144	 -0.37788469792728641
-0.22744533872578543	 -0.44982913923065843
-0.06741642373028045	 -0.43436377962146522
0.28120458395276438	 -0.46441499756354521
-0.19380096704410432	 -0.23468842114067845
0.36109818278863015	 -0.37146859966672785
0.42989470107941641	 0.10357808254319889
-0.330982225868377	 0.35773328186511555
0.2816088799301576	 -0.1320675976811741
-0.16666560883944181	 -0.055031315154004501
0.19633595677853377	 -0.099956670739312803
0.21670407742108411	 -0.31161923123850643
-0.093750827756594324	 -0.044152890154504743
-0.088914848672652091	 -0.027242862751329366
0.1974166532500724	 -0.27964294195252459
0.023197679558395246	 -0.34598348846972393
0.0401338206325349	 -0.17970106032642297
-0.14184067335065487	 -0.053496070989571987
-0.18565924451018651	 -0.31392233986157747
0.083466332677503252	 -0.2312861004042025
-0.31410339326323167	 0.018054886274167847
-0.24471476708758377	 -0.24614511581065585
0.42533650897691799	 -0.24940069620358013
0.47490659820610037	 -0.3931569874367557
-0.23222703055116678	 -0.28343362038284803
-0.33578534323525866	 -0.22718338508978081
0.42059118855772126	 -0.37920440546278922
-0.10294717392090108	 0.23342762507315762
-0.34082312967666573	 -0.21549994113747267
0.43679039968959543	 -0.34025115636052339
0.31649181890138045	 -0.047598363331234406
0.21396092451827642	 -0.15645040702045876
-0.29065493903619	 -0.13172412262693112
-0.25092460529456129	 -0.22878441730995003
-0.0048344919946205489	 -0.33158854366932
0.015544093919705682	 -0.11072187209127787
-0.38982642297159248	 0.019579122681536387
-0.074939790915204141	 -0.27398326607325757
0.18456186805132868	 -0.16031043684203417
0.39178245695856517	 -0.19401598147922727
0.2583946002453541	 0.086546321505138635
-0.11910217563579889	 0.13959753555912036
0.10848653391398799	 -0.12543707733403364
-0.33535622797690157	 -0.16078693739960181
0.29198297569154896	 -0.27729825807413694
-0.1940968128359396	 -0.09885991368732272
0.18784145158149368	 -0.21292476948502026
-0.16788320367591603	 -0.1980937284855947
0.16406251381340553	 -0.29948770994302298
-0.49781779339435406	 -0.12750796416468402
0.41558312900158723	 -0.3484951361351748
0.34995912101583515	 -0.26312470482942008
-0.24253256048193789	 0.18493639980409904
0.34091963751284393	 -0.034699664882939074
0.32486571875627424	 -0.13893500463765285
0.025240408966895389	 -0.24778628056760438
-0.49486570572241473	 -0.031638341697130756
0.24545690684833421	 -0.30062017189390178
0.42229323504599425	 -0.32776194420169491
-0.33568883539908045	 0.21979355469554362
0.18224730653792964	 -0.097632752096762476
0.23878505348171342	 0.034481145735426599
0.37827208911919596	 -0.15792072897712611
0.39159236750173954	 -0.19069404501088527
0.48786044818715213	 -0.037134230914516175
-0.12656240287542453	 0.080858640296896489
-0.09286353904421607	 -0.21783077703785175
-0.40196597525010164	 -0.24843600044271824
0.29849780620937139	 -0.34075866679387901
-0.40830167145854873	 0.1031637397167533
0.48981648217412477	 -0.18810431333242378
0.056892405989064088	 -0.083672814509588966
-0.027403847094347622	 -0.070098939480360445
0.098303015622451473	 -0.25974669687083024
0.22153617801216252	 -0.042555096830654504
-0.23542087186845989	 -0.13979581827333898
0.40420620278651187	 -0.21009480672814951
-0.090622370872005087	 -0.15089378601460735
0.096695924455624027	 -0.14701269951544826
0.068268716599917401	 -0.34721361281854346
-0.088440164266359145	 -0.043605018678798957
0.012279053457211253	 -0.041169062547678548
-0.081772162849908792	 -0.2015296716111552
0.16902727525170302	 -0.10802903669362263
-0.14680130949560616	 0.081051207332741515
-0.2569064445592959	 -0.11148046711641169
-0.30573231624706287	 -0.33059169621345774
-0.14166701521802089	 -0.31781146879504552
0.4885504627546996	 -0.17322204684344034
-0.38343908120106862	 -0.23721648246286547
0.022644149382898604	 -0.32901165097393759
0.17079776882696796	 -0.13805070590121693
0.3553459722806448	 0.091542616033239987
-0.099083761497905376	 0.31828218996705526
0.062390135863046203	 0.14533125817217973
0.34320642046779692	 -0.065029739784032703
0.27435383562667004	 -0.056128782685652856
0.46952659681883013	 -0.2514602098528213
0.44124044521769534	 0.18877542587564622
0.072851641370380138	 -0.13179557413192627
-0.43877507510537983	 0.086693528363214645
0.43105692692615882	 -0.21516944831020546
-0.37025595310621706	 -0.043843521138716479
0.033821077800272548	 -0.24072074576247848
0.029359942548610296	 -0.095877506892702913
0.35128022490594546	 -0.21688126075089076
0.2984002059318126	 0.20221755488304849
-0.066433855130539232	 0.057798534656117284
-0.23934214643172086	 -0.054869730368350744
-0.10490386961256332	 -0.18730204120493243
-0.49816513899628312	 -0.23482572157700177
0.17221768930191994	 -0.3785517071673189
0.40737518384464788	 -0.23358062028342075
-0.07993730184619191	 0.074626445257172325
-0.15875503591203832	 -0.13155836099432955
-0.23942612611661951	 -0.27374140577260231
0.16315625406017353	 -0.36125861316286911
0.035512647840898803	 -0.25929301038532326
0.11890685913102095	 0.0042532120609706237
0.15170671634921185	 -0.2216869460962862
0.15207356663983018	 -0.11981213135998325
-0.35844899195174174	 -0.00069781721382561335
-0.17749551528948149	 -0.18355188625474261
0.0074195389204749773	 -0.26102823029071837
0.042467246550352944	 -0.18102022668591888
0.38489462057356472	 -0.019600028190865648
-0.14937404107738939	 0.22018327463728693
-0.1831789182886383	 0.06715930186787511
0.35442121692673356	 -0.026440594987984567
-0.20813359632535539	 0.074047297808940482
0.38967272308174183	 -0.2337889469856137
0.41564614182135373	 0.23785680758083727
-0.27707666939919662	 -0.084564815394851445
-0.48058323049013651	 -0.22647701571266809
-0.050532780844035008	 -0.3702050801604132
0.25228327314941368	 -0.15476073934261325
0.37069699441580894	 0.10257410305863734
-0.25213257537788369	 0.045921219897938403
-0.31415058244678684	 -0.21339980853782498
-0.36864515248157326	 -0.31986559256423969
0.14296355500955304	 -0.42094899528395058
-0.31231572097740867	 -0.14040157099860406
0.30357253682034679	 -0.21644637824284985
0.050338738388539639	 -0.12344147082923651
0.10774697717639947	 -0.1974286501946968
-0.35518249955735287	 -0.2512876737807842
0.31091261273758142	 -0.32069464341837384
-0.22909676922908834	 -0.096265579417427971
0.18033014874920716	 -0.19971070062302093
-0.070180528597058978	 -0.038360449757406934
0.42260994712012356	 -0.090697160414560274
-0.16759628507662394	 -0.22506218797024763
0.071370479451199231	 -0.30128742708269035
-0.25488556863501927	 -0.19695996811495092
0.33982325384385104	 -0.27040051926113984
-0.38616227399844782	 0.15584054915038581
-0.36999094852711584	 -0.19018862395062192
-0.30955078769919964	 -0.33838541337092692
-0.069341192287086129	 -0.31011930741697225
0.48443026839961778	 -0.32745345116072444
-0.017684383558893735	 0.22679228040266985
-0.17966846920534429	 0.12603539527329888
0.40007640975531022	 -0.19362376411755006
0.2052389470419097	 -0.36281210749416559
-0.16025169969548086	 -0.20597304208954337
-0.15045637155438607	 -0.18898603326760377
-0.042477780274337962	 -0.14585098643676059
-0.28955470527967192	 -0.27363449308085869
0.097411053533391634	 -0.38106780501313325
0.14337163727887514	 -0.39351985553709234
-0.15819985776124518	 -0.1470598858055216
-0.25962539192271672	 -0.31307659216773753
0.33105591630146647	 -0.28131941082119022
-0.35462732094089844	 -0.071249873163613309
0.29071334693148421	 -0.26713024489221582
-0.061197106522134115	 -0.32303852652586817
-0.20980982049825125	 -0.16368780142810446
0.10162595920340434	 -0.30981700958954017
0.20970612424877755	 -0.11875911829042746
0.47052032825095591	 -0.12374084885670522
-0.46855456985931593	 0.31649035276407433
0.13231607136890111	 -0.1733467265609891
-0.19707595682566798	 -0.099949382385280561
0.10281590959188336	 -0.28505974998370065
0.37743050273388179	 -0.034195862835798951
-0.35725270344747823	 -0.23860836008833408
0.21665363559343553	 -0.38262114843080641
-0.49256044579323399	 -0.35052617422383237
-0.16680349068101658	 -0.43818987986565178
-0.35268755669365059	 -0.22841286775130404
0.49186982260638379	 -0.3405631190987079
0.31551212576008969	 -0.20037271560112363
-0.032356025898994889	 0.1620629344662543
0.39194623236169401	 -0.0038855614350739032
0.020751072336337995	 -0.082249103385682032
0.3073922744055243	 -0.20174455432397409
-0.25851013965835334	 -0.10698144179942781
0.47827329206200009	 -0.30939989346599783
-0.48216243133980896	 0.013166930153996059
0.33890091387503818	 -0.28922476632942096
0.12164492887521394	 -0.20029211288946336
-0.1403622886353928	 -0.2687178347959116
-0.42072447804767849	 -0.18318441420675585
-0.047299154823319589	 -0.36455174709729576
0.005010390423708766	 -0.17696922945707172
0.36998886888380578	 -0.20585913646976223
0.39150373865454635	 -0.19328652074136188
0.29520056992545751	 0.024380270620394828
-0.028385172378451173	 0.13413397887524159
0.10120986243766261	 0.10107193618164712
0.26572089817641342	 -0.23866645141785159
0.0030602577622329541	 -0.03118030189111487
-0.26647406665909756	 -0.19636670315392113
-0.43135505911491578	 -0.27167303250751118
-0.39412383311154497	 -0.36196576759023458
-0.38904356392521577	 -0.43264011738778374
-0.28860776256239407	 -0.41225965286118715
0.32252980294755185	 -0.46287261588285472
-0.38160400971844977	 -0.27817030846331553
0.044588746756589415	 -0.39887878720022596
0.46984224625390125	 -0.054002363611930448
-0.38973418757772732	 0.26921169624051899
-0.13989912794898224	 -0.15196445139988407
-0.062513780110754924	 -0.12022481020075226
-0.49778795568169465	 -0.17865217699209868
0.38085194438735581	 -0.37164183799801287
-0.25512150617089191	 -0.2889614800673147
-0.25629809487438671	 -0.23771320535711316
0.3591252359836945	 -0.39416822837795024
-0.23728393704503958	 0.082258758900379592
-0.41739718146500976	 -0.15266859496391594
-0.019229835141091556	 -0.34245684218908029
0.12235377431956762	 -0.4092017804292426
-0.33812165951268824	 -0.25240215884689593
0.43347101003558886	 -0.3426189049075023
-0.3726358357223849	 0.17035352548785365
-0.46813279109454375	 -0.15533421769249672
0.32497474822447392	 -0.34633441645456714
0.42256473420307261	 -0.14819153991919198
0.0034820365270050724	 0.048805505297639606
-0.073815389803524756	 -0.0053642607107035611
0.18828563191382475	 -0.15148942120273712
-0.49345770617642332	 -0.24743933483736447
0.15971054400303897	 -0.40370384655682512
0.25693057279890896	 -0.41004381521495109
-0.38758153882230706	 -0.4018681889987995
0.27066698007782319	 -0.44396213953457048
0.46832281070217618	 -0.0019328968024927007
0.43494826412524479	 -0.22393336141430548
0.38906297035937332	 -0.011579205890240141
0.012911556993104312	 0.33744103319468965
0.40479050991348475	 -0.12539261755506881
0.49932878278164605	 -0.10889270250557048
0.37301242950978342	 -0.018647808872712224
-0.1577232706629314	 -0.30916832241393233
-0.49845917290004865	 -0.19808882795741722
0.25386437343147783	 -0.37992757306153446
0.087155223166176743	 -0.31358403361336362
-0.25475726777443536	 -0.047562672828139085
0.11298960941517244	 -0.27153479557286175
0.34987128612113716	 -0.37168438181689223
-0.17215444923944512	 -0.14250226949656469
-0.4062402261915804	 -0.20687730557114709
-0.027774940024956563	 -0.3722019323500817
-0.010276108286472074	 -0.11781638127684591
-0.47276921662165283	 -0.30123940739975258
0.099589224252658481	 -0.42122406952564584
0.021591100618984171	 -0.097263336621492391
0.35220553160282109	 0.017013425769314083
0.022153958455731093	 0.023352598808297986
-0.47492686285401081	 -0.12936925488932877
-0.22160985866636496	 -0.34311363781422533
-0.28956041009610539	 -0.4371513284157329
-0.46838456903043413	 -0.37028778740411822
0.4381006853366739	 -0.43127771065972625
0.46737016316846491	 -0.39309341209104376
-0.35596610785274119	 0.10131246571497832
0.20876766494883581	 -0.16088375439301206
0.43569297340497981	 0.12904569395008181
-0.42101784419315769	 0.37159505940487214
0.097830634842547837	 -0.12053070668305288
-0.051395470067577165	 0.05531996134733097
0.48377266572032718	 0.056287450027475927
0.097159417624193889	 0.36641187050357416
-0.17838304102345509	 0.0050477041892298402
-0.17395060540826551	 -0.29057724226440923
0.098700244724145292	 -0.22818394394369301
-0.42451866759197726	 -0.12259574428685022
0.41320461822357246	 -0.32750576028461786
0.34394297694970988	 -0.0075474227727548859
0.18847094182319513	 0.2441272390921887
0.26307590387904822	 -0.010999298596242268
-0.32821147275539653	 -0.23426814054165768
0.28223071563161473	 -0.32314623078129812
-0.26469903614590828	 -0.13463998703696001
0.1615124189581314	 -0.33620204138367321
0.309461499009962	 -0.1302550250429837
0.3348901881067502	 -0.020574351825247916
-0.31689648042288443	 0.24481909379669808
0.1616670301471218	 -0.097901357599960659
-0.14295585390317994	 -0.30924634271750295
-0.2918233432768953	 -0.34049692783805607
0.44005717148075685	 -0.39577054566858705
0.067483736466375954	 -0.43029077436740121
-0.26020791230732943	 -0.068439525475185836
0.37815785681743075	 -0.13335373875625656
0.034853899169179581	 -0.23924166130151503
-0.11617401969440933	 -0.098898798895411477
0.086925521300605268	 -0.05158052341692354
-0.029453127891501951	 -0.26690225340474283
-0.037191863887567012	 -0.18793959986016429
-0.31524384385684684	 -0.21006379220280946
0.41915140204092083	 -0.24037172907344406
-0.05341919816723989	 0.020748358889061569
0.28191557376734711	 -0.1790869335281759
-0.25923163898253421	 -0.17782660329738276
0.2726301964244946	 -0.25968987345135197
-0.11938418197416895	 -0.35729617069400899
-0.18375030657451147	 -0.18040416617724897
0.18583481418240577	 -0.16943137142523435
-0.2754412054901203	 -0.012132904163886959
-0.49527936521697757	 -0.17756514851602445
-0.051089281938546005	 -0.37162574454639968
-0.10365267824551683	 -0.18491634030737869
0.28695135041463715	 -0.30515012057931795
0.18421168191554571	 -0.032226115760923935
-0.44214025928738537	 0.10109473722032281
0.096412848958937869	 -0.22291622733402527
0.019101869556634621	 -0.30711401306022262
-0.25903673971026986	 -0.16665924031029922
-0.24192012135960167	 -0.30650324073727364
0.37614601611911602	 -0.38399101718453577
-0.050860082987165101	 0.16381425897849644
-0.30186295034450616	 -0.047102530589475111
-0.056370247880169311	 -0.28168524601362072
0.18893200470550542	 -0.11965289613971214
-0.4237050939927367	 -0.07142204181726397
0.47848365128901027	 -0.30533011490709716
-0.42724201545456519	 0.0094580236189272249
0.16322042777352985	 -0.27088214569126068
-0.050969477068152969	 -0.17721667638582933
0.035566121123529082	 -0.30810636826734528
0.34797658391668307	 -0.053275468750885957
-0.13181807549289337	 -0.036490696112072563
0.48214692295628925	 -0.098454579794002961
0.12989215721836878	 -0.16091842512791243
0.10895028552457242	 0.0020018439579543301
0.25477711891512256	 -0.12168145840035427
-0.48949202522146146	 -0.16459591817401498
0.4251999789500609	 -0.35562046440613559
-0.059388066902471726	 -0.28375364703074624
-0.26493323071158176	 -0.41010793636301368
0.42992061373308332	 -0.38338744897855653
0.38952265115898221	 -0.17558586186651692
0.13141409104290147	 0.15499965139268612
0.21687196368205919	 0.090461154609827954
0.073734332608866637	 -0.22705352842078358
0.18927383175551604	 -0.13228699191452442
-0.18671518782466429	 -0.082033840843465267
-0.40716379830016003	 -0.27171374544363996
0.43023709204524618	 -0.38784004802775807
0.071364690815734044	 0.15837959878307428
0.46898221781895599	 -0.033583805691501822
-0.1206229914075802	 -0.16319084086918312
0.26950174093688917	 -0.2347626769604515
-0.087388030526874605	 0.0077452148032114421
-0.43169098670207473	 -0.2660746807388305
0.34579664694415246	 -0.3528075301521798
-0.10890437970352562	 -0.39216955709365914
-0.35893300215663992	 -0.26061124337704872
0.009017074252021029	 -0.35531022541994461
0.34012614322832135	 -0.23652672287165438
0.17663311896688916	 0.14050256765383884
-0.14300634229695719	 -0.055371875968396045
-0.29169193226457202	 -0.057640243529621271
0.15878004145751712	 -0.2227406216135559
0.48688581492141159	 -0.086624282556390431
0.3172583532600004	 0.22467844863011388
-0.086442839627360379	 -0.19900110804879578
0.49739378969995018	 -0.089724313911277997
0.2424583322100613	 -0.00087143915171961073
0.35416909347016789	 -0.16046784960953486
-0.26753944147729292	 0.23999188832020935
0.17237894547748334	 -0.02364237134338959
0.24369174416348882	 0.027386772586698749
0.36387465003126984	 0.12964927696723638
-0.11074909084045753	 0.14619132370539689
-0.18257392369330577	 -0.012327316187857096
0.053148481321124597	 -0.20757748005656884
0.20253572133487818	 -0.3307968654417886
-0.089737721993465802	 0.066406378587029247
-0.01661442663362922	 -0.068453007611374295
-0.22609958784938772	 0.044661597537322684
-0.12075550417450981	 -0.17768627210563281
0.36276258195879063	 -0.13578849787952513
-0.45659784737815978	 -0.068317096166823688
0.29185646529861564	 -0.30360037448745902
0.43107159525671579	 0.091597697151698854
0.38919879956599268	 0.043284422349866292
-0.31704791440490998	 -0.15291133092347936
-0.42786140689992413	 -0.26704428085039472
-0.10178412618198623	 -0.34400136940204007
-0.47692177164224991	 -0.22356403996432361
0.24877171206696502	 -0.36562405166608802
0.25520953152105652	 -0.32050792691304381
-0.26861370390682188	 -0.04497905550456871
-0.092448246475517859	 -0.12261064308972502
0.24209534644246811	 -0.07916589846658606
-0.45135535064682147	 -0.08189709548348123
0.32110891389712171	 -0.27591026522668077
0.239489135676757	 0.0579248710693957
0.29110298156323977	 0.2221186641422277
0.17527800690162831	 -0.035658566177926065
0.47194969466512537	 0.048580363364253976
-0.03651807342493818	 0.28834439739605955
-0.081030249400544097	 0.15736835417372164
0.33582434423073393	 -0.079239155140835682
0.35273283573460434	 -0.11116592762081129
0.23639582690615013	 0.028593221095291166
-0.11102717491380271	 0.12745191358887586
0.055268557069482527	 -0.090712884936154481
-0.3533418955529769	 -0.11037699370794768
0.37235839845256802	 -0.29083453574190804
0.32916896922009486	 -0.1562343545633732
0.025902600272513232	 0.19257417830876766
0.23512098041135865	 -0.16598856570676801
0.37257112184193508	 0.089795118250505235
-0.18224093442887113	 0.38296990837556821
0.16619257520241315	 0.12574061545937831
0.26176992094226648	 -0.11370442293196958
0.00071115116621889296	 -0.27567255751047348
0.23833116830248902	 -0.24332060277871637
-0.3400142057053811	 -0.36440510024297545
0.023789379523968979	 -0.344714713879686
-0.012897119630545906	 -0.12860383195090774
0.41519532628133671	 -0.23812276360639639
0.25517567608280833	 -0.095630627468476836
0.39465463389393629	 0.11187845898350002
0.15729067225814364	 -0.17617208185604327
0.30382032543598692	 0.059218348429944889
0.21576354732539671	 0.21480551467542175
-0.10322019253076065	 0.27020154558873699
0.094923306533565399	 0.073834809772459931
-0.10895844623863626	 0.21325727083943335
-0.1312704983312965	 -0.014697005259076579
-0.44159476735703401	 -0.14872288718383359
0.31001130436081969	 -0.29458717600800538
-0.29544615456622381	 0.11669595562059576
0.41113806884323156	 -0.092039275523616404
0.046407130801308538	 -0.039360115774229043
0.093526670985634719	 -0.054250596211939839
-0.033593374552947197	 -0.22318215658392948
0.19306523524833152	 -0.063345277822944857
-0.034114931027458495	 0.13926126502367575
-0.20442440579851362	 -0.00850016166979356
-0.28103216447915513	 -0.10194197092703272
-0.29899395108176113	 -0.1654112313366673
-0.33185328442223988	 -0.29269592446448722
0.03672690109197374	 -0.319265825768695
0.36719862458631336	 -0.1103813666336857
0.42991663652002654	 0.0022433458167104847
-0.46256194820746871	 0.24477795916948297
0.10552979242314109	 -0.14837557570455162
-0.41009756918535456	 -0.095659445568068158
0.061227431316500214	 -0.27402256686065318
-0.4073673276730661	 -0.0066121170378454774
-0.49490224336967908	 -0.21145829643010622
-0.18359689306635263	 -0.35835606560994038
0.48728730622087013	 -0.27648400999470085
0.1623884288884645	 0.20017478235797537
-0.37977656809602706	 0.18212878106413832
0.20305085308060555	 -0.14649010745349761
-0.44083176410795738	 -0.023622897354113603
0.2151467384375384	 -0.26504758516918109
-0.405907593623692	 -0.19614067508373773
-0.072102261973592596	 -0.36036667509232556
0.27355197154616562	 -0.17728653835889807
0.4041037107371277	 -0.23813818045889301
0.1324515834601836	 0.2325286023194717
0.18469003992373589	 0.081219676315152034
-0.049489158927225108	 0.062119631450502588
-0.27402174601984292	 -0.092158271955593229
-0.34890333509487259	 -0.19935148197287911
-0.35642392367889353	 -0.31245827486028083
0.19186332341835988	 -0.38506013760263946
-0.053327740893386211	 -0.33553235838129664
-0.13745608815804872	 -0.36153698214890284
0.3928693723365988	 -0.3946271971478934
0.11481897468437396	 -0.094920079877731101
0.39927081293392497	 0.071534056949820402
0.26006799645725076	 0.37063568861075114
0.044735610738739218	 -0.10243456664808681
0.43670886472645631	 -0.082485699307083271
-0.13440221111960809	 -0.25773037076904304
0.13463804155338466	 -0.24212644860527988
-0.0020637044227047596	 -0.34518977960697728
-0.041769538792674199	 -0.43187680765087644
0.13973579818370552	 -0.36130183214186173
0.3143394029766039	 0.032618383425791264
-0.054482232571804068	 0.12841442627751998
-0.19787577339349116	 -0.19696994008723878
0.4345628348805769	 -0.21520134989418105
-0.3514313799568598	 -0.34085666647192892
-0.13870753703578725	 -0.35468735467054818
0.14970957331811519	 -0.41466757015760697
-0.25733897311489051	 -0.25590261898253369
0.28919020099062021	 -0.2606198150573692
-0.076738455601380429	 0.13146363070755807
-0.3532352628434241	 -0.043725325064431053
-0.078358216014857485	 -0.24198013095102033
-0.39204841614330577	 -0.25504395024813153
0.097275578695012022	 -0.38585532182675342
0.14762003843096083	 -0.38725410410484823
-0.24095175123817836	 -0.38615320331260283
0.24085165501611849	 -0.3212273951442508
-0.16051663861634052	 -0.18307663534864427
0.20572050786843543	 -0.28641947853741101
-0.39660443360759151	 0.055287854908535383
-0.26764726674540307	 -0.23551252937433703
-0.17946051791285189	 -0.23971703247635334
-0.49733362113932783	 -0.21693914003234382
0.49242073017750898	 -0.3932943547349777
0.36527509282588733	 0.23764654805508634
0.43937524358712843	 0.0097092261095893528
-0.1419814814077604	 0.13872960454283179
-8.686562072807158e-05	 -0.12183035511083856
-0.062688461301237564	 -0.18094787289298769
0.31624897979956534	 -0.16403593822260165
-0.36035106790268379	 0.13257476973715354
-0.24834905879029495	 -0.20144676684477425
-0.23823325323789996	 -0.32500731826900087
-0.05822684083051366	 -0.2469956863542721
-0.31378622390971811	 -0.35130630846659006
-0.08966463272909847	 -0.39028945324873493
0.30306562213369903	 -0.25588657200344145
0.33592334940839719	 -0.25725177206734717
0.15299639415601096	 0.090835005044516248
0.092255822658657949	 -0.057623803032394227
-0.24081510665864458	 -0.25996340095920462
0.29976113131258686	 -0.32328879519727
-0.48610239382186082	 -0.36525551661279976
-0.13286352280195035	 -0.44022607441340511
-0.10296329045806235	 -0.29687393730813549
0.16151764460910001	 -0.34300622643316558
0.12618472595987129	 -0.070126448067403702
-0.36211163590760509	 -0.17127196829074021
-0.4989989944729018	 -0.29700856916120982
-0.16809476663735451	 -0.41891942110671487
-0.25871606951519666	 -0.40937362609561501
-0.26664626075264358	 -0.40589767256489351
0.15244471544979354	 -0.46244177918188889
-0.25604969065452443	 0.0014461149923279404
-0.27422553104079583	 -0.15119666024620187
0.017719807810019583	 -0.21053454079969425
-0.31667444753305729	 -0.25370310143453118
0.083792987551443709	 -0.34161692632605467
-0.48236705827636972	 -0.25085898815972291
0.12063709163136649	 -0.3999888089882444
-0.099958033114652178	 -0.39845766338903238
-0.34271812571339222	 -0.38850760505023441
0.37228803284107148	 -0.43021897623997168
0.16180871411310915	 -0.186035070614672
0.099055033456094121	 -0.30193080112863246
-0.44149819153430786	 -0.24806106184189014
-0.42785591908165066	 -0.37863315040415463
-0.09787934487586808	 -0.41253910412388128
0.39442515787408927	 -0.27234257494553266
0.22514047507436041	 -0.027600343855150145
0.49437647778278981	 -0.20506457823507729
-0.3463899492502166	 0.19365564629650955
0.024901605921285985	 -0.26530875316780755
-0.4917259165047323	 -0.27481100343837639
0.020746527947833049	 -0.41931972111687943
0.42193831592888498	 -0.21252863680963668
0.169791728570029	 0.032320196086938147
-0.35306874655795695	 -0.24738976704222632
-0.44017332044438146	 -0.41221878414163265
0.17079273409712725	 -0.45353931969021932
-0.021163513195311401	 -0.36099379485853744
-0.19888938949391682	 -0.36733539654968805
0.40414647334448361	 -0.30583111366575533
-0.36871879821117914	 -0.26635997781104281
0.04506091985155869	 -0.39734620058195058
-0.37007905816197351	 -0.25240686152526215
0.14900101006450184	 -0.39845551483749142
0.22838647278416269	 -0.18063271521678559
0.2137139293894702	 -0.38290418018150618
0.16663395178813201	 -0.12742324627898566
-0.15097643605013211	 -0.17390750988314785
-0.38624410372518192	 -0.34676379977796817
0.32391582607473979	 -0.37172984261829356
-0.27868840367472192	 -0.045492266753535071
0.27556461038792723	 -0.24296949135729967
-0.077029140934827323	 -0.37567558535603196
-0.22018659474336849	 -0.43272308926622638
0.34770869130627657	 -0.39074437321867272
0.3250915141893046	 0.10784120388301788
-0.32576143733494051	 0.16221469874273364
0.0728491659149757	 -0.13513973093541054
0.31946799150643312	 -0.30316340812516057
-0.17215138611949576	 -0.10784353836242722
-0.40224922862939966	 -0.36014818534840443
0.32774207546736212	 -0.41162564556142933
0.34859514182833728	 0.10481520991946736
-0.48031091316617602	 0.14065439853444406
-0.0024661964282701732	 -0.26949014165142526
0.49552639573604162	 -0.39433950398743189
-0.42048423314489625	 0.040164335248587646
-0.33167346279680421	 -0.27331820140644142
-0.025637117924931063	 -0.37728409402749707
-0.11937362263881307	 -0.13158279649337157
-0.42752698945232059	 -0.32489982221968983
0.10564408432955108	 -0.4041197047027773
0.42568729721274567	 -0.40381498179772213
-0.2976060476142941	 -0.01242986198684698
-0.24535490607160837	 -0.20629681990889848
0.15407376953124707	 -0.2527291294670021
0.41610788224083739	 -0.078598592996539818
0.42127904571652364	 -0.10034521465488233
-0.49690266698454633	 -0.26910974856430764
-0.47013622195000582	 -0.40890153348823455
0.24519487179126354	 -0.4587119058241263
-0.27559107019360696	 -0.049321391008919135
0.30542838843792142	 -0.25894841679744174
-0.33183426960922513	 -0.23862633223936458
0.004222335063024607	 -0.29210553654918614
0.15313707927853659	 -0.10684156593727473
0.49325724504574076	 -0.26467875505119565
0.17846089772808404	 0.015296831106850317
-0.274013755272149	 0.11007187293832199
0.31272523608651259	 -0.21115612232975206
-0.49369048885707301	 -0.32951334943182931
-0.17626298390154865	 -0.42969970748430497
0.14046731108821342	 -0.2654356652991578
0.35490465343692557	 -0.40178220438315204
-0.15657389660206339	 -0.14372898631067033
-0.36199888580571804	 -0.1127749461316474
0.3504310487073059	 -0.34759047837222362
-0.077058129746959581	 -0.33585831494913515
-0.19367234813686102	 -0.28873848598160035
-0.17520606968328639	 -0.33451112261720889
0.3035682476142274	 -0.42145139186098624
-0.12119933758918167	 -0.10519037741260845
0.43043801464626474	 -0.092908127085208236
0.22925554436131168	 -0.20770797971246924
0.081194614796524234	 -0.25284350603244016
-0.31491689189100491	 -0.12359147708754892
-0.11667068610744119	 -0.23386014536501065
-0.0026975034282996635	 -0.13711479457834808
-0.39363784617448128	 -0.36618674098832943
-0.11357335309198746	 -0.44769761289172799
0.027166274621694519	 -0.26333811454660033
0.35155702561678226	 -0.32378185514649377
0.11083557671440558	 0.079091485239090598
-0.16740533740604546	 -0.21102948265999899
-0.48027724445810416	 -0.26730813660197617
-0.3849420886882311	 -0.40374064393536246
0.48573174187249124	 -0.37786368582606333
-0.48701999987802469	 0.046987831073532882
0.29351880950551423	 -0.30107511575086077
-0.2882820138653191	 0.054865079157063512
0.32570523667414919	 -0.30107945817299364
0.29982832064844123	 -0.22716602690650461
0.035455002698793536	 -0.016206150615551251
-0.033827452703298733	 0.020792508297561185
0.15473297361970551	 -0.18463710119683491
0.3788811060967302	 -0.31344633841861863
0.10417366195664446	 0.13090847978295994
0.005164021861350121	 -0.069202414734493234
-0.19817702411589072	 -0.2177123293332876
0.41050131381978339	 -0.31646276954245967
0.32995795264372507	 0.12103237823340063
-0.39460877696732466	 -0.017614591113775946
-0.21069802423505951	 -0.23362233671312688
0.26039596682432853	 -0.23513880687554545
0.33464676739398702	 -0.062657536647372669
0.37049659056146467	 -0.20893436701485169
0.4454790753989849	 -0.1329571899251546
-0.2820239191791154	 0.00012074498362302233
-0.132200912866835	 -0.28101410973164315
-0.44815877124115766	 -0.30363443721341871
0.10440272819455843	 -0.39823374976174503
0.39496536175485952	 -0.071180657225073718
0.4033982543756246	 0.086124298123146481
-0.28476169555669728	 -0.034579963883531628
-0.27243997565118594	 -0.30413020916054601
0.42312100991752044	 -0.39825803390988324
-0.16970378377926715	 0.22608291300097161
-0.28670823424435604	 -0.18898791449079183
0.43610101050515704	 -0.24154388846803621
-0.37618497473941415	 -0.24141877406554579
-0.074990247644013852	 -0.31486482083197853
0.26180624671364494	 -0.1668788658099345
0.42364334590902708	 -0.054607876578773862
0.46046475505477968	 0.0083751270873149153
-0.27202120645531513	 0.18289256466140269
0.078376319528732585	 -0.061614432604614078
0.3393458606858486	 -0.050042203867704471
0.33215245550132932	 0.0091617778115322679
-0.41645965907557853	 -0.094785103943629823
-0.35883116389570346	 -0.26897402275906379
0.24265376885545153	 -0.31185710610767753
0.4134982935681466	 -0.36089811236045549
-0.25343994086302812	 -0.2427829953178825
-0.46804425584526932	 -0.25201714614603915
0.17389426039247502	 -0.3764923159258336
-0.41879317393470239	 -0.0082543001996286391
0.40245233518185664	 -0.24024794596290633
0.11937333532579864	 -0.24528924434622057
-0.2008170926481565	 -0.22526174042811653
-0.22974857815063959	 -0.37616557661604716
0.17121456408464097	 -0.32600214393908067
0.40358563554640192	 0.022327623389755025
-0.33478321686144136	 0.32471094998261441
0.074612817994604286	 -0.13505178789912681
-0.38117606047595665	 -0.25185582433292264
-0.1072231925126273	 -0.31479127683645408
-0.0022661725535365607	 -0.32505062301512688
-0.050879844255223794	 -0.34884716214023775
0.10606857370867795	 -0.12309351615560604
-0.06616516251404081	 -0.29223615592856583
0.072935181005362004	 -0.27752264942804883
-0.46892167440099719	 -0.082474803697937527
-0.30435891626605716	 -0.31028555075684322
-0.0034214730856108599	 -0.28252923964840848
0.49154308065378249	 -0.32891147415593214
-0.076380122255710947	 -0.0034102587892096414
-0.42504515402253956	 -0.043605756935188755
0.33088894087396981	 -0.27863406314595718
-0.24422766722004285	 -0.3635050469999026
-0.34150481309811809	 -0.42082333575212194
0.47205777697826634	 -0.38090076787954019
0.49842610210106997	 0.21116545481591065
-0.42800651952997154	 -0.047364379610352447
-0.28138216435042307	 -0.32520018965413888
-0.46961815420986069	 -0.32169600134930038
0.24588774086250353	 -0.42882487722797075
-0.20017533828512546	 0.033121994789431008
0.432834180971996	 -0.15899370447228955
-0.13473892427735912	 -0.16034087387126095
0.099007569066718037	 -0.29568867097311963
-0.29691439764430483	 -0.11896312939203496
-0.46352436065837943	 -0.21427601470785551
0.002593204147458672	 -0.38528155743793774
-0.13169761404008495	 -0.23958975363290269
0.11108845733622486	 -0.37080710263046562
0.1214171441371632	 -0.27147287451155711
0.26107919344728781	 -0.18355407310760696
-0.39117771568297299	 -0.12654373569202748
-0.42946270058372182	 -0.31104482508409848
-0.13285223330969559	 -0.40619431183128546
0.042657122268647485	 -0.30626746444478697
0.14347248088730147	 -0.41530888158337009
-0.10177390771069278	 -0.37352711921771242
0.23829820600259033	 -0.30496369444336885
-0.35994899266397068	 0.11992219501024282
-0.11023082752257157	 -0.22899978697453183
-0.33808191671878185	 -0.37916904752278063
-0.28499414668651024	 -0.35469538058514472
-0.27934188711426311	 -0.40598553535332449
-0.082309583473163472	 -0.43900088444302876
-0.12649895978462833	 -0.17224623753102125
-0.30728411060165806	 -0.10282641993876651
-0.083883481837754847	 -0.35013872270117236
-0.05450547931459987	 -0.37881497033036682
-0.088666274952081181	 -0.4467723285429106
-0.053501636047615486	 -0.24998469425810993
-0.30861773891775762	 -0.31258341789117611
0.21115838722845459	 -0.30167227572029642
-0.12066745507561949	 -0.23768060096097904
0.056643336804883204	 -0.24135375688256783
-0.1898340441704886	 -0.32791273031026091
0.082418147280075682	 -0.43347894289585653
0.093118976146503774	 -0.25709115557684548
0.3127591604426313	 -0.25550959251516364
0.45072053323999073	 -0.046409864114750565
-0.29579256698293266	 0.094768651662845205
-0.065823695885866729	 -0.18082148358343358
0.21179972668727842	 -0.35488785264128431
-0.18697028220024436	 -0.41205224426564357
0.0047136035304113921	 -0.38271367837035342
-0.4210525070880784	 -0.25373567242159267
0.35568684006840312	 -0.37806914195308916
-0.35181391604794837	 -0.20182551814628696
-0.022826414333109946	 -0.31562031336688007
0.093985045605332163	 -0.38588033827054929
-0.21176290871191905	 -0.28714359292373093
0.36694275814431843	 -0.39382413691305218
0.2559031293522116	 -0.32372841622892107
0.0032429446015707075	 -0.31556172069456723
-0.41239912896994463	 -0.28001884388341364
-0.32640645458661321	 -0.40080355762575426
0.37674398528260367	 -0.440599351212977
-0.21968323957160268	 -0.20543273347832519
0.089710063575631938	 -0.30953215634097669
-0.17776149449765749	 -0.25450718526197524
0.19165048594197742	 -0.3097933476881915
-0.46379157293764484	 -0.33673623345381004
0.013620767050246174	 -0.42556031003949635
-0.097191127295229163	 -0.32783640995591856
-0.084459028013264326	 -0.27454804104790709
-0.42973589661053191	 -0.32908606356106973
0.21297482853428218	 -0.41254015567661245
0.49795911973247264	 -0.15277863483506759
0.16338308000163315	 0.22245845254226915
0.025733988511252193	 0.2152389745271055
0.44867965250680208	 -0.1759185444660451
0.36759051301870049	 -0.081379662948788345
0.45991029262538552	 0.10511268208896418
0.16047937872841922	 -0.064776388715934496
-0.31937976964720516	 -0.095458056694827154
-0.035376103844203088	 -0.34320658887795258
0.23942687210600211	 -0.14425097837281642
-0.46369293004446333	 -0.28807476888882982
0.11280998010784848	 -0.40927191309309313
-0.28339954269276912	 -0.19274698693621994
0.13029211602653012	 -0.34076321510552454
0.40104707186159072	 -0.031128014472217302
-0.41645678501411193	 0.18421755192103406
-0.11380475508691962	 -0.2094114273646705
-0.095709984002499859	 -0.36283731222987126
-0.32885591398405656	 -0.3937681443014549
0.059788790326467112	 -0.34548761100649567
-0.21896599918555748	 -0.32187417122390477
-0.0485391530899979	 -0.30675050122482095
-0.35050114656356213	 -0.31624302149458949
0.10327250678244626	 -0.35159627495800772
-0.35688866761368171	 -0.42613512718847935
-0.31429271950120696	 -0.41538823578822565
-0.38310672663296885	 -0.41039771401311365
0.045920205091089072	 -0.42836076592168432
0.10124825295119	 -0.44290020124472612
-0.31284262324350076	 -0.15563690890349918
-0.24110496684028998	 -0.23036300224876782
0.099207372218001355	 -0.26973228646159991
0.35054045675813239	 -0.17906285335643413
0.28462902213662356	 0.2198578984876377
0.047887024259142152	 0.27101297962028092
0.21813096977683299	 0.17870314972639223
0.24453931429634768	 0.10719944779159341
-0.29163359701243863	 -0.17186809780338036
0.39875120012962784	 -0.30415455701045119
-0.2908367900135167	 0.072933490707724369
0.44779327509356348	 -0.27768386455709587
0.4350582705508258	 0.020938582055050503
0.32197319055999307	 -0.14636564295278892
-0.33560626806486693	 0.02647792069747934
0.065350386111694525	 -0.18069220365902533
0.22302026195592262	 -0.33846402380316509
-0.2520630530789788	 -0.22748055509144538
0.45154563102477496	 -0.31984217988676217
-0.37268972251223853	 -0.30762892022010557
-0.08091896659737402	 -0.37136029256780956
0.011334420885580787	 -0.36079224943582144
-0.091655721232134724	 -0.27208176264473988
0.37054188031262802	 -0.36563821623136261
0.16083327432201866	 -0.053213870816139264
-0.48838321491534969	 -0.25513035111196769
-0.48634678776671497	 -0.40130948355207607
0.34654055482081159	 -0.45845788234887253
-0.3714899415483186	 -0.13529149140623464
0.059573417324374156	 -0.29655944834698578
-0.052211192693659647	 -0.33881680842111384
-0.18433256479181936	 -0.34775520696204315
0.31846845048408412	 -0.29670781978710048
-0.45300382094131963	 0.10335180229868079
-0.33379210803368692	 -0.2317403955460498
0.10309747215504639	 -0.32603864034028168
0.094883203783483805	 -0.10802587514091877
0.38433886174314602	 -0.0212717291340348
-0.15236321354860588	 -0.18449623926181685
0.30324960677104518	 -0.14821719938393019
0.28309006140711257	 -0.2421658767291488
0.056799996437877365	 0.15218515536992472
0.25104288139894737	 0.13466810300106136
0.21814833149227697	 0.20212929125691004
-0.12122681346779074	 -0.14223042441927697
0.41543661333408044	 -0.20243802044103787
-0.21650128286168968	 0.11052588522716489
-0.39820655197752947	 -0.20976411251196381
-0.3366264402105596	 -0.31328894931768447
-0.26495565230257606	 -0.41028373464623114
-0.27089627402410665	 -0.38965442704790698
0.082454593192066383	 -0.36778461497052856
0.24637876858300467	 -0.26888878453558851
0.13744800474375862	 0.078005292561767803
-0.047003526960966879	 0.044875439838895304
-0.092787957560637957	 -0.27905166234904133
0.14906478982840887	 -0.40675222684920526
-0.033350314727681851	 -0.049165516128875264
-0.24624740273982632	 -0.27170333176485212
0.27757484828009027	 -0.30030998120000768
-0.47377689786896898	 -0.15710505846809669
0.20154140456651404	 -0.35359882407305282
-0.40675771697739033	 -0.00837266802350628
0.34469155308077648	 -0.29380119022532303
0.24853758409085569	 -0.3100752226934187
-0.24054982501107725	 -0.083609143704607203
-0.052210975229838363	 -0.21401839612603446
-0.15657921259132179	 -0.086069830524967084
-0.35621096373359251	 -0.24264407716975506
0.29542581122155576	 -0.30858099446084347
-0.3533296062859379	 0.045011696777136234
0.42687909813918135	 -0.2176752568623101
-0.14777419234056688	 0.13549048417922438
0.39771327511300947	 -0.057533201164605696
0.14502742916579703	 -0.070685483884632194
0.23099899419164238	 0.11264645756318847
0.31314988798142873	 -0.099276183103384097
0.42852614676976863	 -0.27846490285825998
0.33279244267977426	 -0.29748486496253979
0.47652344777086908	 -0.27183327054618955
-0.33642950599846871	 -0.24016291239101106
-0.43810383180999374	 -0.32322730409863198
0.058978040962935463	 -0.39290427125426425
0.4099492630501973	 -0.18834639355776112
0.19934417293376483	 -0.067080516102621612
-0.4880254864636927	 -0.11623673734439466
-0.18283869497610195	 -0.3418397713083049
-0.15159103770348759	 -0.32483636350480471
-0.021375800725713268	 -0.36381447563365177
0.070913902284071684	 -0.16635255738590327
-0.37401618988905855	 -0.35719954025329054
0.0048473014053177499	 -0.37682771521482422
-0.22754469314941422	 -0.4154113057531385
-0.28077390686644887	 -0.29361085661070896
-0.15046114597956706	 -0.29737568295766875
-0.47900710952421982	 -0.3537971301947635
-0.021323731411864832	 -0.43676734032036957
0.29732787925625592	 -0.35155731944929908
-0.13558632211554161	 -0.3584518092428346
0.12246530485454266	 -0.22985463384192401
0.092753690012150281	 -0.33225021095006319
0.01108407159852054	 -0.026802299343189451
0.049344402528062603	 -0.19435708000257579
0.4449794976715834	 -0.021231149941328908
-0.091202653754131224	 0.12695798484118259
-0.30562816830614031	 -0.051655042315149724
0.17597849186322578	 -0.2220195729735035
-0.27805276623836384	 0.069680692632835051
-0.37710202200203297	 -0.15675638661387092
0.0087709340773387545	 -0.2849439190547064
-0.30152931893315604	 -0.35854781192035889
-0.21353152800050168	 -0.43845057171027874
0.070667102267344961	 -0.35614218274777043
0.25744872202977942	 -0.057575118757763166
-0.30358226541596567	 0.057188510958803951
-0.22998872526455144	 -0.29599177580403296
0.269423236031748	 -0.36118844486514801
0.013579040073593673	 -0.24761074638536928
0.11842023703196092	 -0.22355222606414221
-0.25195256515962661	 -0.13374912172349018
-0.41550705810799593	 -0.34256461260262011
0.24440404714290243	 -0.40922170708022981
0.25289473624569114	 -0.31320284848247926
-0.14305175125741015	 -0.30657161868164684
0.46363014027645355	 -0.33443581037841258
-0.39756640973387586	 -0.42304412968600019
-0.12205886078162997	 -0.43354406635166154
-0.057693591601072625	 -0.24808382042523208
0.39976146952238001	 -0.28595962736175062
0.24235481710282847	 -0.00018846154847435015
-0.43522828674653002	 0.015897704159975046
-0.0074848409311309427	 -0.27978960754258519
-0.24656111176431234	 -0.21364873657021355
0.11411611578153269	 -0.21260060889262278
-0.062505343259547541	 -0.20464755483673736
0.16223623448155644	 -0.32820823784291042
0.30848794747539232	 -0.10154389029129668
-0.38652685186198299	 -0.22164007343214159
0.38418346824319261	 -0.39011657795347748
0.43138592547335941	 -0.12266921160152261
0.12224408221535576	 -0.22783347574016433
-0.41734585068996338	 -0.26872888164857595
-0.28214560252714233	 -0.3806197311239799
-0.30708881598296056	 -0.33196835688623194
0.34010287133981609	 -0.41100524063130295
-0.085727867943107994	 -0.29768153849585965
-0.037077541247512003	 -0.19030949664300734
0.10952610690590281	 -0.21358240905895665
0.42785117213048562	 -0.11696431578324817
-0.41865730468121232	 -0.19307255769400211
0.3575735417462762	 -0.38718586912944375
-0.48765588597751031	 0.019521386097183013
0.32574674246169011	 -0.30819372314022297
0.11046827799196746	 -0.20941648364292065
-0.13070763723492046	 0.04605844656922109
0.28937688227248237	 -0.27218270877437417
0.21290186825809154	 -0.1911838965688385
0.2472335024491108	 -0.14741738564361712
-0.26831670932859031	 0.13722011189757111
0.11266333731481026	 -0.12691012423085613
-0.010411680913722021	 -0.32743659705731415
-0.20354499607512028	 -0.25321371883890698
-0.39482150408198197	 -0.3500784581822643
0.24302720778762699	 -0.39433587483272975
0.41057111970641236	 -0.21566220077305265
0.042673152658470492	 0.057893279781915052
-0.09473655819647786	 0.03870350995626981
0.21905906718180468	 -0.26149642599634215
0.1561463007964875	 0.068083769453040399
-0.2105530899532852	 0.17812843611719287
0.1504449921895028	 -0.098868623438580328
-0.22160961745381802	 -0.30045030580865995
-0.12789894064324858	 -0.37442429864853466
0.36829938966236053	 -0.39500637814340372
-0.028698433436778581	 0.090063132785131783
-0.28779606976909378	 -0.11541434043787446
-0.21742847828074752	 -0.26900679328577448
0.43422402531570947	 -0.27589923430290658
0.32173003760247032	 0.24198834934484026
-0.28957730661592318	 -0.14497711627890503
-0.48443327983116419	 -0.21739274662253893
0.17930357888308524	 -0.38125951665500107
-0.27723319259343349	 -0.029263020786328808
0.34131346263052587	 -0.2029393634817373
-0.21022814359060865	 -0.14310802529511057
0.092059170637307286	 -0.18137505148868671
0.13069034490300824	 -0.051345614810587914
-0.4973262757981784	 0.039894734056366232
-0.16070732737924315	 -0.27356427170755876
0.36237363557441793	 -0.250021086921414
0.11533706151663192	 -0.080311397843912502
0.32888099170703489	 -0.18948771442948353
-0.34117136096636363	 -0.30518620797721852
0.22051555790031119	 -0.32936664088705547
0.071908199029000586	 0.064460162184359127
-0.43060024172561256	 -0.029184052339523925
-0.23681128990687955	 -0.28083976416547318
0.47717164129818401	 -0.2661974782454436
0.28845882545619217	 0.078724085394389798
0.41933501135526929	 -0.089463520198995283
-0.23338144912076247	 0.11667419485680863
-0.061096182354305029	 -0.19003426755173874
-0.30227460656421007	 -0.24801289592013015
0.13871961023598889	 -0.26494824159235375
-0.19279679315760584	 -0.17433721021748549
0.16902696046467258	 -0.31520294207530264
0.35092354046689511	 -0.28096829510956661
0.089774728561646699	 0.18734791805000839
0.10325098531472077	 0.15155507624692621
0.17265357760370414	 -0.13279400115109957
0.3001974224113847	 -0.3378880590398034
0.11881770594921792	 -0.023489678406262704
-0.14804284351321068	 -0.19476894789375004
-0.47703577064771008	 -0.14892083335219553
-0.039868831885917499	 -0.34655414796213679
0.14172901289618067	 -0.23029472041525295
0.11502339998959721	 -0.083302677144714621
-0.40917848744857055	 -0.32530810769030283
0.14440273756366351	 -0.40428412147922721
0.45431607261035412	 -0.042778159542086358
0.45319514812584738	 0.12791294927724994
-0.24026020138536591	 0.35192118100237824
0.283197064317389	 -0.1086651903131326
-0.38797621330617749	 0.09139777356395784
0.48025535651494533	 -0.19385350224435249
-0.14489473711927175	 -0.31598733731240863
-0.31857645456612876	 -0.35022745078874562
-0.25655593339193422	 -0.30202248686389699
-0.16772309628674903	 -0.27088457952663686
0.46988237089006346	 -0.17426165870826194
-0.33722092250232627	 -0.17006918894186362
0.098895454592488496	 -0.31059497160755967
-0.09121381192990291	 -0.33282034075424033
-0.13949552906653634	 -0.23505285822739064
-0.2623849356371839	 -0.30840469873531678
0.21598939537815254	 -0.30224585340757082
-0.47046856906752499	 0.037976336663223975
-0.41146139517028879	 -0.26649055855931125
-0.19423587652586211	 -0.36524410932153462
0.13278241671285707	 -0.29164298375676095
0.26119218243341524	 -0.038339645135379796
-0.39403845458013864	 0.035074866692773377
-0.24839987780358636	 -0.26101578745059983
-0.38685066154545666	 -0.40063001195710024
-0.37107422476218743	 -0.4207678234004707
0.21173129031049609	 -0.40561980017465815
0.25487835181638518	 -0.13390536492709343
0.24394917522740978	 -0.30810042884408062
0.30255280332758683	 -0.065793222358744963
-0.10071891108561254	 0.24375021592886137
0.19826524783776389	 0.078331159833619823
0.25574795098777303	 -0.13635817000820177
0.15902088752902155	 0.084236087596641585
-0.018537688310508449	 -0.21816191706661348
0.36777173814725672	 -0.03749327109612216
0.13927624404396688	 -0.090605286050621625
0.3365675745702198	 -0.25313115511033657
-0.45080471688453327	 -0.24957199598330498
0.3827203106520326	 -0.388413001932577
-0.33115552171652929	 0.18720639258953931
-0.48092234646013116	 -0.20695586872972593
-0.45450061231595495	 -0.37432772055968722
0.26773993287595921	 -0.43484844719984428
-0.072136157924372779	 -0.26504522452701995
-0.093996141382491294	 -0.33038314089694876
-0.49464500276122475	 -0.21409493383762079
-0.35614676301188153	 -0.38632332365325467
-0.064464709984354995	 -0.44505642612213264
-0.4061063979315136	 -0.37734559043982108
-0.050382639537743579	 -0.40708904728436279
-0.43168229373715927	 -0.20642017673269358
0.35508578450190176	 -0.38329359954447445
0.055578906347779067	 -0.29418097279525279
-0.18008217154074563	 -0.37610060392473088
0.46823512342210627	 -0.42200568676679462
0.18450468158559163	 0.047205680437524711
-0.46835088169591077	 0.093489815528051246
0.22311347477283028	 -0.25643960455697445
-0.071546143652659933	 0.029390390356953455
0.33420192163167606	 -0.16842100689946493
-0.3776054367784436	 0.062203410554520167
-0.37328089628055733	 -0.21969190418278134
0.089949872619449089	 -0.33166245419789508
0.28141545075057794	 -0.22409197893484395
0.10818141540893422	 0.11031672782102864
-0.042278389698955421	 0.01604901299596595
-0.079308305671116464	 -0.021620152593111952
-0.055251010020846036	 -0.30487965144791673
0.0069168934165113605	 -0.13133576226927574
-0.19658799548474515	 -0.29545326636618546
0.11359346826262473	 -0.41886992393495609
0.025994546956380149	 -0.44774152344778817
-0.15108860780070005	 -0.17632059308136416
-0.11866659932707746	 -0.2678610911596857
0.45385838903200737	 -0.29714301575430957
0.25491525128246995	 -0.41998340593435851
-0.11331160208830221	 -0.38761932905754132
-0.40228837444553545	 -0.33105524842579959
-0.30954945916754634	 -0.42965016972021469
-0.019418000019815751	 -0.40825506658255273
0.047328986482382263	 -0.44009338758910693
-0.24123175290470561	 -0.1255376522756394
-0.16433221551791405	 -0.25415085702908663
-0.39709210763549996	 -0.32795819372637491
0.078686075554548762	 -0.36047266258648492
-0.19609709256146901	 -0.14981354333249319
0.28741257395009168	 -0.36391145583848283
0.11033519385863799	 -0.02289768758919114
-0.47298361825430002	 -0.13115342896831206
-0.28413357016822954	 -0.35029734600421469
-0.055462884509685839	 -0.42564155954526939
-0.35058905503274362	 -0.43037860178069437
-0.15741446598312558	 -0.40842814332496469
-0.46551301235589804	 -0.26650370735932105
0.43082639571783432	 -0.40413512726598888
0.45076694942580864	 -0.14736288538300019
-0.0077914020548534579	 -0.084794154825138746
-0.1484819099532822	 -0.20103270894055042
-0.10448406106069874	 -0.26812467677589785
0.49912549136165785	 -0.33399442887354863
0.15493009456197271	 0.014644907487963987
-0.49089059326373535	 -0.071319855509248464
0.025120037852376709	 -0.35219051660717898
-0.49615851323872734	 -0.29888217504379694
-0.10955719212515147	 -0.42879499752028438
-0.021021573115615921	 -0.25359527555811923
0.25875673804374255	 -0.27749596007385724
0.27713120578654638	 -0.36822721836859534
0.076690052438848633	 -0.34316976109759711
0.44920727887619627	 -0.23770827048262244
-0.24228679423326943	 -0.019769308077907333
-0.37598096154443034	 -0.28175788648646738
-0.29202447449417063	 -0.39191807909704079
0.09338099024881652	 -0.44517248645792207
-0.27307306917993029	 -0.22193702707698271
0.28666160106037819	 -0.35154537486103288
0.39728389768734751	 0.016547690901667744
-0.48566049569549996	 0.090559291864015901
-0.1030032055466451	 -0.2930638713722088
0.42430027943304749	 -0.36268714249773948
-0.26979406539806816	 -0.14273153086713103
0.34153390994366906	 -0.34762380064767417
-0.42628877606535742	 -0.22839112047994764
0.072791468618806254	 -0.39995572643314009
0.37602089758777102	 -0.062978642531923035
-0.49546238081318439	 0.28317074171162149
0.023558417578953494	 -0.20911958445859979
-0.13177050493274373	 -0.25402106668089691
-0.14394429076646653	 -0.29943614053320639
0.41907435698391604	 -0.15847758036185711
-0.13264501403674717	 0.078464462307943461
-0.48901419620449382	 -0.28299971518323835
0.42818376372018074	 -0.4148801483366002
0.39247502428129089	 -0.46452534377599053
-0.48517270944322122	 -0.22393574682592926
-0.18137342887063207	 -0.39256370204253171
-0.12854654929998638	 -0.27801868265180857
0.27358402860052145	 -0.20162062688871196
-0.40424222308408575	 -0.055047507207802771
0.44814350313886231	 -0.26567002396653694
0.22279130701105632	 -0.22841619241340583
-0.14652901731735513	 -0.33185792110655066
-0.42783745840556803	 -0.38179531622536422
0.43076683251688574	 -0.4229288689285331
0.44685197293146139	 -0.3115456022559665
-0.20091052758549832	 0.12887050871007699
0.21742843311160265	 -0.062993822567838587
0.34413587015314762	 -0.3285590042984966
-0.18657102281533694	 -0.18465152736014734
-0.38557477290070374	 -0.16597997199771397
0.26843614912053393	 -0.35539287331344982
0.043634911786594843	 0.039569628145064706
0.4559591375086266	 -0.26761121598824539
0.34214737305517651	 -0.0012255955377696859
-0.38357362006026025	 0.24407839334958714
0.33198003463073633	 -0.21141813090114098
0.34668499224199212	 -0.063168309207587758
0.1399847975186933	 -0.099201972533199068
-0.29979047030200734	 -0.17449698570629019
-0.29725929852447441	 -0.235248637287022
0.059059154036948058	 -0.34108483373097342
0.067564515661245439	 -0.43406852075243846
-0.28627349472896824	 -0.0784829593675474
-0.012757082242871198	 -0.19602039655568693
-0.039960460523125019	 -0.37634278762735857
-0.27144620417218945	 -0.34115599377977285
0.30586948888649679	 -0.37390763798519999
0.3314929901768886	 0.017275794682924173
-0.49786217603732935	 -0.24025464265997942
0.40162726580241104	 -0.39800348298123595
0.27963649331575091	 0.029165872631646828
0.22492913097372702	 -0.089369601230268936
-0.24490175198060543	 -0.30006459405362979
0.35179903491018294	 -0.24232419982989911
0.15569596302495148	 0.2078344558870866
-0.29804977951480532	 -0.066285087993881942
-0.34911149314097667	 -0.21662579623803968
-0.12687560432910716	 -0.29049983318110317
-0.45391390982731894	 -0.32734772412954272
-0.03568251595631361	 -0.4261845088061767
-0.012450377229810849	 -0.20177244186956894
0.31452223929321499	 -0.18263157775279326
-0.49204760463538	 0.2086412192732956
-0.056491240186845537	 -0.21235796066643547
0.15666961188273021	 -0.3465823697804381
-0.37562122469564024	 -0.029955382209846337
-0.22451120555610915	 -0.23871354969493591
0.0033546041247223268	 -0.26645911132835831
0.26436357328871429	 -0.33443502413682236
-0.024301675858116545	 -0.31993001892901934
0.20609530560024791	 -0.2315849448559601
-0.17657727313999894	 -0.09703842978917443
-0.45673716066253239	 -0.29272061260770854
0.41982181087127968	 -0.40415237275330079
0.31066564461712987	 -0.14494779248253742
0.0033023792800038754	 -0.22520173777001506
-0.35162439376657101	 -0.089579872007510275
0.11653513350362665	 -0.2474755747243314
-0.16520463100876875	 -0.4011373202613468
-0.34948656980390036	 -0.23438814265586866
0.018162398840376404	 -0.30913320224076529
-0.38556813815867907	 -0.14509267113526125
0.37544256116982666	 -0.34413877082795541
0.2732606473254322	 0.11909344121890331
0.46623089675150386	 0.11639911397698322
0.031138523729116852	 -0.11966705723927401
0.47521086781062694	 -0.29515873881956323
-0.38288059638947275	 -0.14854112627792643
0.4042629194000098	 -0.3616078304614283
-0.478703042016692	 -0.13108359619488369
0.081436887654213641	 -0.34937021038907545
-0.10818745829546239	 -0.085743319350940594
0.33581919727652298	 -0.33793126177017035
0.08938928348449493	 -0.1600427058631404
0.3353213019833533	 -0.081643291753097147
-0.0075111908407468064	 -0.26270358192333093
0.21376805878885463	 -0.30808388723232449
-0.38918990403841713	 -0.15750725883873207
0.49584341328397552	 -0.30696245426901825
-0.021868368388092307	 -0.070733529031005216
0.086508420103466377	 -0.082600040132573715
0.20193871841856215	 -0.1967772465891573
0.3015543589375701	 -0.36035503227803195
0.12977125944093393	 0.10767782297813633
0.12176052882418065	 0.12050397894508214
0.11222000308903868	 -0.019429176196323339
-0.36692636174472348	 -0.23901926027805687
0.27013613505760958	 -0.33360180445701187
-0.27124486387299601	 -0.23932277319476414
-0.032130992287830895	 -0.3690372185731563
0.42064956525370922	 -0.26471175540748665
0.24691753543304162	 -0.32631653903015356
0.08230086955349003	 0.060189342008233004
0.2960921259578746	 0.062836404516157351
0.020178182292812541	 0.30246135375728023
0.048531766304993895	 0.030933287247299712
-0.17276935077866973	 0.1176585608530083
-0.0046109503622217551	 -0.21466802233933319
0.16565116991552109	 -0.044796991358606153
-0.26850643184432127	 -0.29745868665447672
0.016686007621086185	 -0.31322527580732251
-0.2529119428959265	 -0.26873168882289838
0.12330610986021628	 -0.24807373832506419
-0.14749479510239083	 -0.11849522553518727
0.33647734058856837	 -0.11938350758101657
-0.041372588622091588	 -0.031912689603614375
0.34499401405686236	 -0.057095263909484828
0.050245399377423006	 -0.24067351876555571
0.069437507339491278	 0.022087463317665534
0.3408374268751766	 -0.070681877277805061
-0.47162296947633053	 0.055341901868554144
-0.34405407302270363	 -0.24419799602637482
0.042776144828077456	 -0.29446809019820669
0.32993138946123957	 -0.15315241212172609
0.28571718688389158	 0.036518216157704786
-0.33546332681340318	 0.090038368630673826
-0.057848607449721812	 -0.23035136443333137
0.4187908251391681	 -0.12775446604027663
0.4346728082442064	 -0.18027435759593491
0.17090652867728218	 -0.03213932082562948
-0.11334016761432408	 0.1701706715862874
0.35532237303225434	 0.017959246494160253
-0.082175936355337487	 0.11047365742411808
0.46896070240482723	 0.028978274586136443
0.15141449852446764	 0.12012831672669799
0.43800224593747517	 0.049207077409633593
0.017492468244159842	 -0.020308694397951133
0.47864514774579792	 -0.090894799651717817
-0.066608704424746645	 0.17481228703623652
-0.31685636230598035	 -0.11589791158145718
-0.28986128456418458	 -0.25097212529835727
0.45007730319633954	 -0.34460343641706248
-0.069768305201906855	 0.01732699436398677
0.3334448252960317	 -0.14452870719323507
-0.19741749237171258	 0.18940707166983284
-0.23329096461333843	 -0.070553552666205832
-0.20792776332605989	 -0.12787400854157405
-0.3524234787805115	 -0.20373479149392915
0.31695443476408458	 -0.29643931850461713
0.36150974401343139	 0.11108283362390048
0.4884139480946651	 -0.19559305655928844
0.34533146528775405	 -0.24241494432558963
-0.4825443290092723	 -0.035421708534205787
0.031190092457081264	 -0.27107615988039191
0.17526285474899361	 -0.079051812792585718
0.30317285787461923	 -0.22086885035100912
0.19572676564367808	 -0.10488237163477032
-0.38258575316638954	 0.16186491603557984
0.22196368254812604	 -0.1095943554658752
0.13039957342222308	 0.046383365090869377
0.28832077551089264	 -0.060866834747560161
-0.39137648506619804	 0.21007183446621913
-0.014278054011183816	 -0.13400242044355637
-0.29385516084444485	 0.02326747593353129
-0.4224157831270321	 -0.15675039366233201
-0.3628635559523774	 -0.28753535394723539
-0.35585291537263097	 -0.34971651744392362
0.095076685117127746	 -0.32595057180037346
-0.38421840867224077	 -0.22866816307679005
0.077538380202622381	 -0.36595341484454691
0.27822032281114739	 -0.35026960994445688
-0.17407969323642536	 0.11957273934735824
0.027615683398961921	 -0.12620427897912573
-0.29154798285642081	 -0.0084081343287580879
-0.34063486794039366	 -0.23921350238113925
0.33019819102724934	 -0.35616806826029357
-0.024838947469759232	 -0.25632023622730493
-0.048562631266453604	 -0.34468477108542722
0.47777471271239902	 -0.15763658695755967
-0.20788451317133594	 0.2752705691443873
-0.1870528877186835	 0.04151325201489442
0.46618866034140283	 -0.071438518314129396
